<?xml version="1.0" encoding="UTF-8"?>
<PeakList>
  <PeakList1D>
    <PeakList1DHeader creator="nmrstaff" date="2022-03-18T08:42:04.951+11:00" expNo="5" name="220317_kscr4041_5007833901" owner="" procNo="1" source="D:/NMRDATA/CHEM_MOTION/CHEM_MOTION">
      <PeakPickDetails>F1=225.493607ppm, F2=-25.493673ppm, MI=0.00cm, MAXI=10000.00cm, PC=1.400
      </PeakPickDetails>
    </PeakList1DHeader>
    <Peak1D F1="194.218155" intensity="3.635439e+000" type="0"/>
    <Peak1D F1="188.576874" intensity="2.969574e-001" type="0"/>
    <Peak1D F1="140.221542" intensity="5.127400e-001" type="0"/>
    <Peak1D F1="139.700897" intensity="4.346443e+000" type="0"/>
    <Peak1D F1="134.500610" intensity="3.293485e+000" type="0"/>
    <Peak1D F1="132.674164" intensity="1.273073e+000" type="0"/>
    <Peak1D F1="132.335907" intensity="1.500000e+001" type="0"/>
    <Peak1D F1="132.322403" intensity="1.452650e+001" type="0"/>
    <Peak1D F1="132.274384" intensity="1.649331e+000" type="0"/>
    <Peak1D F1="128.988266" intensity="1.262419e+001" type="0"/>
    <Peak1D F1="128.076691" intensity="1.281655e+000" type="0"/>
    <Peak1D F1="125.799591" intensity="1.241491e+001" type="0"/>
    <Peak1D F1="125.745758" intensity="1.413549e+000" type="0"/>
    <Peak1D F1="77.345612" intensity="2.543141e+001" type="0"/>
    <Peak1D F1="77.231750" intensity="1.055253e+000" type="0"/>
    <Peak1D F1="77.027977" intensity="2.591585e+001" type="0"/>
    <Peak1D F1="76.710388" intensity="2.553192e+001" type="0"/>
    <Peak1D F1="42.185177" intensity="9.227089e-001" type="0"/>
    <Peak1D F1="33.662342" intensity="1.036488e+001" type="0"/>
    <Peak1D F1="29.697460" intensity="3.174432e-001" type="0"/>
    <Peak1D F1="29.572575" intensity="3.755702e-001" type="0"/>
    <Peak1D F1="21.386877" intensity="8.149689e+000" type="0"/>
    <Peak1D F1="21.047987" intensity="8.885757e-001" type="0"/>
  </PeakList1D>
</PeakList>
