<?xml version="1.0" encoding="UTF-8"?>
<PeakList modified="2023-05-19T15:54:57">
  <PeakList1D>
    <PeakList1DHeader creator="scr023" date="2023-05-19T15:54:57" expNo="5" name="220311_kscr4041_5004139635" owner="" procNo="1" source="C:/Users/scr023/OneDrive - CSIRO/Desktop/Data for GitHub/KRS_015">
      <PeakPickDetails>F1=176.220963ppm, F2=100.277184ppm, MI=0.28cm, MAXI=5.54cm, PC=1.400
      </PeakPickDetails>
    </PeakList1DHeader>
    <Peak1D F1="160.751541" intensity="0.8558071" type="0"/>
    <Peak1D F1="158.266937" intensity="0.8530996" type="0"/>
    <Peak1D F1="148.7798" intensity="4.337436" type="0"/>
    <Peak1D F1="147.990112" intensity="2.637834" type="0"/>
    <Peak1D F1="147.979309" intensity="2.749451" type="0"/>
    <Peak1D F1="138.59343" intensity="1.698031" type="0"/>
    <Peak1D F1="134.630386" intensity="0.8806007" type="0"/>
    <Peak1D F1="134.527679" intensity="0.9474685" type="0"/>
    <Peak1D F1="134.473785" intensity="3.250468" type="0"/>
    <Peak1D F1="129.394669" intensity="1.100874" type="0"/>
    <Peak1D F1="129.262634" intensity="1.110609" type="0"/>
    <Peak1D F1="128.535477" intensity="2.438752" type="0"/>
    <Peak1D F1="128.487213" intensity="2.440054" type="0"/>
    <Peak1D F1="125.124702" intensity="2.376058" type="0"/>
    <Peak1D F1="125.089256" intensity="2.412407" type="0"/>
    <Peak1D F1="123.732246" intensity="3.821762" type="0"/>
    <Peak1D F1="116.539917" intensity="2.243319" type="0"/>
    <Peak1D F1="116.291275" intensity="2.222594" type="0"/>
  </PeakList1D>
  <PeakList1D>
    <PeakList1DHeader creator="scr023" date="2023-05-19T15:54:57" expNo="5" name="220311_kscr4041_5004139635" owner="" procNo="1" source="C:/Users/scr023/OneDrive - CSIRO/Desktop/Data for GitHub/KRS_015">
      <PeakPickDetails>F1=71.626556ppm, F2=60.441044ppm, MI=1.51cm, MAXI=3.58cm, PC=1.400
      </PeakPickDetails>
    </PeakList1DHeader>
    <Peak1D F1="67.463303" intensity="2.468261" type="0"/>
    <Peak1D F1="67.434311" intensity="2.445152" type="0"/>
  </PeakList1D>
  <PeakList1D>
    <PeakList1DHeader creator="scr023" date="2023-05-19T15:54:57" expNo="5" name="220311_kscr4041_5004139635" owner="" procNo="1" source="C:/Users/scr023/OneDrive - CSIRO/Desktop/Data for GitHub/KRS_015">
      <PeakPickDetails>F1=10.989281ppm, F2=-6.279589ppm, MI=7.59cm, MAXI=12.11cm, PC=1.400
      </PeakPickDetails>
    </PeakList1DHeader>
    <Peak1D F1="0.123124" intensity="10.19482" type="0"/>
  </PeakList1D>
</PeakList>
