<?xml version="1.0" encoding="UTF-8"?>
<PeakList modified="2023-05-22T15:25:32">
  <PeakList1D>
    <PeakList1DHeader creator="scr023" date="2023-05-22T15:25:32" expNo="5" name="NMR KRS_032" owner="" procNo="1" source="C:/Users/scr023/OneDrive - CSIRO/Desktop/Data for GitHub/KRS_032">
      <PeakPickDetails>F1=185.171600ppm, F2=121.788750ppm, MI=0.75cm, MAXI=7.60cm, PC=1.400
      </PeakPickDetails>
    </PeakList1DHeader>
    <Peak1D F1="159.75116" intensity="1.253557" type="0"/>
    <Peak1D F1="152.037216" intensity="1.289148" type="0"/>
    <Peak1D F1="148.582886" intensity="1.137713" type="0"/>
    <Peak1D F1="148.543884" intensity="1.436718" type="0"/>
    <Peak1D F1="146.170654" intensity="1.921801" type="0"/>
    <Peak1D F1="134.851685" intensity="1.264055" type="0"/>
    <Peak1D F1="128.653397" intensity="4.217616" type="0"/>
    <Peak1D F1="127.449989" intensity="1.648531" type="0"/>
    <Peak1D F1="125.60743" intensity="4.21573" type="0"/>
  </PeakList1D>
  <PeakList1D>
    <PeakList1DHeader creator="scr023" date="2023-05-22T15:25:32" expNo="5" name="NMR KRS_032" owner="" procNo="1" source="C:/Users/scr023/OneDrive - CSIRO/Desktop/Data for GitHub/KRS_032">
      <PeakPickDetails>F1=121.788750ppm, F2=40.658993ppm, MI=0.00cm, MAXI=10000.00cm, PC=1.400
      </PeakPickDetails>
    </PeakList1DHeader>
    <Peak1D F1="117.497017" intensity="1.616161" type="0"/>
    <Peak1D F1="110.640579" intensity="1.910101" type="0"/>
    <Peak1D F1="105.892975" intensity="1.952946" type="0"/>
  </PeakList1D>
  <PeakList1D>
    <PeakList1DHeader creator="scr023" date="2023-05-22T15:25:32" expNo="5" name="NMR KRS_032" owner="" procNo="1" source="C:/Users/scr023/OneDrive - CSIRO/Desktop/Data for GitHub/KRS_032">
      <PeakPickDetails>F1=40.658993ppm, F2=39.545399ppm, MI=22.80cm, MAXI=30.21cm, PC=1.400
      </PeakPickDetails>
    </PeakList1DHeader>
  </PeakList1D>
  <PeakList1D>
    <PeakList1DHeader creator="scr023" date="2023-05-22T15:25:32" expNo="5" name="NMR KRS_032" owner="" procNo="1" source="C:/Users/scr023/OneDrive - CSIRO/Desktop/Data for GitHub/KRS_032">
      <PeakPickDetails>F1=39.545399ppm, F2=39.451889ppm, MI=12.75cm, MAXI=19.71cm, PC=1.400
      </PeakPickDetails>
    </PeakList1DHeader>
    <Peak1D F1="39.519341" intensity="15.0" type="0"/>
  </PeakList1D>
  <PeakList1D>
    <PeakList1DHeader creator="scr023" date="2023-05-22T15:25:32" expNo="5" name="NMR KRS_032" owner="" procNo="1" source="C:/Users/scr023/OneDrive - CSIRO/Desktop/Data for GitHub/KRS_032">
      <PeakPickDetails>F1=39.451889ppm, F2=38.329792ppm, MI=22.80cm, MAXI=30.21cm, PC=1.400
      </PeakPickDetails>
    </PeakList1DHeader>
  </PeakList1D>
  <PeakList1D>
    <PeakList1DHeader creator="scr023" date="2023-05-22T15:25:32" expNo="5" name="NMR KRS_032" owner="" procNo="1" source="C:/Users/scr023/OneDrive - CSIRO/Desktop/Data for GitHub/KRS_032">
      <PeakPickDetails>F1=38.329792ppm, F2=-19.707264ppm, MI=0.00cm, MAXI=10000.00cm, PC=1.400
      </PeakPickDetails>
    </PeakList1DHeader>
    <Peak1D F1="20.751215" intensity="2.547868" type="0"/>
  </PeakList1D>
</PeakList>
