<?xml version="1.0" encoding="UTF-8"?>
<PeakList modified="2023-05-22T13:35:27">
  <PeakList1D>
    <PeakList1DHeader creator="scr023" date="2023-05-22T13:35:27" expNo="5" name="NMR Raw (210625_kscr4041_50040436811)" owner="" procNo="1" source="C:/Users/scr023/OneDrive - CSIRO/Desktop/Data for GitHub/KRS_021/NMR Raw (210625_kscr4041_50040436811)">
      <PeakPickDetails>F1=209.671402ppm, F2=75.077278ppm, MI=0.00cm, MAXI=10000.00cm, PC=1.400
      </PeakPickDetails>
    </PeakList1DHeader>
    <Peak1D F1="159.960785" intensity="1.608451" type="0"/>
    <Peak1D F1="152.492615" intensity="1.610368" type="0"/>
    <Peak1D F1="151.948959" intensity="1.775201" type="0"/>
    <Peak1D F1="149.404083" intensity="2.687988" type="0"/>
    <Peak1D F1="148.860123" intensity="1.643841" type="0"/>
    <Peak1D F1="148.542603" intensity="1.888487" type="0"/>
    <Peak1D F1="146.100845" intensity="2.561606" type="0"/>
    <Peak1D F1="137.111938" intensity="2.775809" type="0"/>
    <Peak1D F1="122.464401" intensity="2.180745" type="0"/>
    <Peak1D F1="119.82901" intensity="2.725121" type="0"/>
    <Peak1D F1="117.516418" intensity="2.187268" type="0"/>
    <Peak1D F1="110.610138" intensity="2.632532" type="0"/>
    <Peak1D F1="109.495316" intensity="2.506318" type="0"/>
  </PeakList1D>
  <PeakList1D>
    <PeakList1DHeader creator="scr023" date="2023-05-22T13:35:27" expNo="5" name="NMR Raw (210625_kscr4041_50040436811)" owner="" procNo="1" source="C:/Users/scr023/OneDrive - CSIRO/Desktop/Data for GitHub/KRS_021/NMR Raw (210625_kscr4041_50040436811)">
      <PeakPickDetails>F1=75.077278ppm, F2=49.978771ppm, MI=3.97cm, MAXI=6.74cm, PC=1.400
      </PeakPickDetails>
    </PeakList1DHeader>
  </PeakList1D>
  <PeakList1D>
    <PeakList1DHeader creator="scr023" date="2023-05-22T13:35:27" expNo="5" name="NMR Raw (210625_kscr4041_50040436811)" owner="" procNo="1" source="C:/Users/scr023/OneDrive - CSIRO/Desktop/Data for GitHub/KRS_021/NMR Raw (210625_kscr4041_50040436811)">
      <PeakPickDetails>F1=49.978771ppm, F2=40.144260ppm, MI=0.00cm, MAXI=10000.00cm, PC=1.400
      </PeakPickDetails>
    </PeakList1DHeader>
  </PeakList1D>
  <PeakList1D>
    <PeakList1DHeader creator="scr023" date="2023-05-22T13:35:27" expNo="5" name="NMR Raw (210625_kscr4041_50040436811)" owner="" procNo="1" source="C:/Users/scr023/OneDrive - CSIRO/Desktop/Data for GitHub/KRS_021/NMR Raw (210625_kscr4041_50040436811)">
      <PeakPickDetails>F1=40.144260ppm, F2=38.823181ppm, MI=14.05cm, MAXI=17.05cm, PC=1.400
      </PeakPickDetails>
    </PeakList1DHeader>
    <Peak1D F1="39.517319" intensity="15.0" type="0"/>
  </PeakList1D>
  <PeakList1D>
    <PeakList1DHeader creator="scr023" date="2023-05-22T13:35:27" expNo="5" name="NMR Raw (210625_kscr4041_50040436811)" owner="" procNo="1" source="C:/Users/scr023/OneDrive - CSIRO/Desktop/Data for GitHub/KRS_021/NMR Raw (210625_kscr4041_50040436811)">
      <PeakPickDetails>F1=38.823181ppm, F2=14.840858ppm, MI=0.00cm, MAXI=10000.00cm, PC=1.400
      </PeakPickDetails>
    </PeakList1DHeader>
    <Peak1D F1="20.709574" intensity="3.439916" type="0"/>
  </PeakList1D>
  <PeakList1D>
    <PeakList1DHeader creator="scr023" date="2023-05-22T13:35:27" expNo="5" name="NMR Raw (210625_kscr4041_50040436811)" owner="" procNo="1" source="C:/Users/scr023/OneDrive - CSIRO/Desktop/Data for GitHub/KRS_021/NMR Raw (210625_kscr4041_50040436811)">
      <PeakPickDetails>F1=14.840858ppm, F2=-7.856925ppm, MI=2.42cm, MAXI=5.31cm, PC=1.400
      </PeakPickDetails>
    </PeakList1DHeader>
  </PeakList1D>
  <PeakList1D>
    <PeakList1DHeader creator="scr023" date="2023-05-22T13:35:27" expNo="5" name="NMR Raw (210625_kscr4041_50040436811)" owner="" procNo="1" source="C:/Users/scr023/OneDrive - CSIRO/Desktop/Data for GitHub/KRS_021/NMR Raw (210625_kscr4041_50040436811)">
      <PeakPickDetails>F1=-7.856925ppm, F2=-19.707264ppm, MI=0.00cm, MAXI=10000.00cm, PC=1.400
      </PeakPickDetails>
    </PeakList1DHeader>
  </PeakList1D>
</PeakList>
