<?xml version="1.0" encoding="UTF-8"?>
<PeakList modified="2023-05-22T14:40:44">
  <PeakList1D>
    <PeakList1DHeader creator="scr023" date="2023-05-22T14:40:44" expNo="1" name="NMR KRS_039" owner="" procNo="1" source="C:/Users/scr023/OneDrive - CSIRO/Desktop/Data for GitHub/KRS_039">
      <PeakPickDetails>F1=15.996750ppm, F2=14.047764ppm, MI=0.00cm, MAXI=10000.00cm, PC=1.000
      </PeakPickDetails>
    </PeakList1DHeader>
  </PeakList1D>
  <PeakList1D>
    <PeakList1DHeader creator="scr023" date="2023-05-22T14:40:44" expNo="1" name="NMR KRS_039" owner="" procNo="1" source="C:/Users/scr023/OneDrive - CSIRO/Desktop/Data for GitHub/KRS_039">
      <PeakPickDetails>F1=14.047764ppm, F2=11.980790ppm, MI=10.44cm, MAXI=10.61cm, PC=1.000
      </PeakPickDetails>
    </PeakList1DHeader>
  </PeakList1D>
  <PeakList1D>
    <PeakList1DHeader creator="scr023" date="2023-05-22T14:40:44" expNo="1" name="NMR KRS_039" owner="" procNo="1" source="C:/Users/scr023/OneDrive - CSIRO/Desktop/Data for GitHub/KRS_039">
      <PeakPickDetails>F1=11.980790ppm, F2=11.215244ppm, MI=0.19cm, MAXI=1.04cm, PC=1.000
      </PeakPickDetails>
    </PeakList1DHeader>
    <Peak1D F1="11.610465" intensity="0.3265358" type="0"/>
  </PeakList1D>
  <PeakList1D>
    <PeakList1DHeader creator="scr023" date="2023-05-22T14:40:44" expNo="1" name="NMR KRS_039" owner="" procNo="1" source="C:/Users/scr023/OneDrive - CSIRO/Desktop/Data for GitHub/KRS_039">
      <PeakPickDetails>F1=11.215244ppm, F2=9.224826ppm, MI=10.44cm, MAXI=10.61cm, PC=1.000
      </PeakPickDetails>
    </PeakList1DHeader>
  </PeakList1D>
  <PeakList1D>
    <PeakList1DHeader creator="scr023" date="2023-05-22T14:40:44" expNo="1" name="NMR KRS_039" owner="" procNo="1" source="C:/Users/scr023/OneDrive - CSIRO/Desktop/Data for GitHub/KRS_039">
      <PeakPickDetails>F1=9.224826ppm, F2=8.200751ppm, MI=1.17cm, MAXI=4.18cm, PC=1.000
      </PeakPickDetails>
    </PeakList1DHeader>
    <Peak1D F1="8.226688" intensity="1.543532" type="0"/>
    <Peak1D F1="8.213336" intensity="1.641795" type="0"/>
  </PeakList1D>
  <PeakList1D>
    <PeakList1DHeader creator="scr023" date="2023-05-22T14:40:44" expNo="1" name="NMR KRS_039" owner="" procNo="1" source="C:/Users/scr023/OneDrive - CSIRO/Desktop/Data for GitHub/KRS_039">
      <PeakPickDetails>F1=8.200751ppm, F2=8.118107ppm, MI=0.53cm, MAXI=1.00cm, PC=1.000
      </PeakPickDetails>
    </PeakList1DHeader>
    <Peak1D F1="8.18855" intensity="0.7080038" type="0"/>
    <Peak1D F1="8.175587" intensity="0.7078407" type="0"/>
  </PeakList1D>
  <PeakList1D>
    <PeakList1DHeader creator="scr023" date="2023-05-22T14:40:44" expNo="1" name="NMR KRS_039" owner="" procNo="1" source="C:/Users/scr023/OneDrive - CSIRO/Desktop/Data for GitHub/KRS_039">
      <PeakPickDetails>F1=8.118107ppm, F2=7.407359ppm, MI=1.17cm, MAXI=4.18cm, PC=1.000
      </PeakPickDetails>
    </PeakList1DHeader>
    <Peak1D F1="7.7644" intensity="2.178091" type="0"/>
    <Peak1D F1="7.731437" intensity="1.324523" type="0"/>
    <Peak1D F1="7.715503" intensity="2.300642" type="0"/>
    <Peak1D F1="7.434938" intensity="2.979953" type="0"/>
  </PeakList1D>
  <PeakList1D>
    <PeakList1DHeader creator="scr023" date="2023-05-22T14:40:44" expNo="1" name="NMR KRS_039" owner="" procNo="1" source="C:/Users/scr023/OneDrive - CSIRO/Desktop/Data for GitHub/KRS_039">
      <PeakPickDetails>F1=7.407359ppm, F2=7.268043ppm, MI=0.29cm, MAXI=2.35cm, PC=1.000
      </PeakPickDetails>
    </PeakList1DHeader>
    <Peak1D F1="7.376201" intensity="0.3408605" type="0"/>
    <Peak1D F1="7.357045" intensity="0.6063405" type="0"/>
    <Peak1D F1="7.329518" intensity="0.9230905" type="0"/>
    <Peak1D F1="7.310421" intensity="1.631306" type="0"/>
    <Peak1D F1="7.291402" intensity="0.9402379" type="0"/>
  </PeakList1D>
  <PeakList1D>
    <PeakList1DHeader creator="scr023" date="2023-05-22T14:40:44" expNo="1" name="NMR KRS_039" owner="" procNo="1" source="C:/Users/scr023/OneDrive - CSIRO/Desktop/Data for GitHub/KRS_039">
      <PeakPickDetails>F1=7.268043ppm, F2=7.258598ppm, MI=0.42cm, MAXI=1.27cm, PC=1.000
      </PeakPickDetails>
    </PeakList1DHeader>
  </PeakList1D>
  <PeakList1D>
    <PeakList1DHeader creator="scr023" date="2023-05-22T14:40:44" expNo="1" name="NMR KRS_039" owner="" procNo="1" source="C:/Users/scr023/OneDrive - CSIRO/Desktop/Data for GitHub/KRS_039">
      <PeakPickDetails>F1=7.258598ppm, F2=7.239707ppm, MI=1.17cm, MAXI=4.18cm, PC=1.000
      </PeakPickDetails>
    </PeakList1DHeader>
  </PeakList1D>
  <PeakList1D>
    <PeakList1DHeader creator="scr023" date="2023-05-22T14:40:44" expNo="1" name="NMR KRS_039" owner="" procNo="1" source="C:/Users/scr023/OneDrive - CSIRO/Desktop/Data for GitHub/KRS_039">
      <PeakPickDetails>F1=7.239707ppm, F2=7.183037ppm, MI=0.31cm, MAXI=1.16cm, PC=1.000
      </PeakPickDetails>
    </PeakList1DHeader>
    <Peak1D F1="7.217903" intensity="0.5600188" type="0"/>
    <Peak1D F1="7.199008" intensity="0.4825612" type="0"/>
  </PeakList1D>
  <PeakList1D>
    <PeakList1DHeader creator="scr023" date="2023-05-22T14:40:44" expNo="1" name="NMR KRS_039" owner="" procNo="1" source="C:/Users/scr023/OneDrive - CSIRO/Desktop/Data for GitHub/KRS_039">
      <PeakPickDetails>F1=7.183037ppm, F2=6.838289ppm, MI=1.17cm, MAXI=4.18cm, PC=1.000
      </PeakPickDetails>
    </PeakList1DHeader>
    <Peak1D F1="7.143074" intensity="1.340892" type="0"/>
    <Peak1D F1="6.971597" intensity="2.166015" type="0"/>
    <Peak1D F1="6.876896" intensity="1.353206" type="0"/>
    <Peak1D F1="6.862184" intensity="1.986747" type="0"/>
  </PeakList1D>
  <PeakList1D>
    <PeakList1DHeader creator="scr023" date="2023-05-22T14:40:44" expNo="1" name="NMR KRS_039" owner="" procNo="1" source="C:/Users/scr023/OneDrive - CSIRO/Desktop/Data for GitHub/KRS_039">
      <PeakPickDetails>F1=6.838289ppm, F2=6.800508ppm, MI=0.50cm, MAXI=1.21cm, PC=1.000
      </PeakPickDetails>
    </PeakList1DHeader>
    <Peak1D F1="6.831527" intensity="0.6336552" type="0"/>
    <Peak1D F1="6.818949" intensity="0.5865123" type="0"/>
  </PeakList1D>
  <PeakList1D>
    <PeakList1DHeader creator="scr023" date="2023-05-22T14:40:44" expNo="1" name="NMR KRS_039" owner="" procNo="1" source="C:/Users/scr023/OneDrive - CSIRO/Desktop/Data for GitHub/KRS_039">
      <PeakPickDetails>F1=6.800508ppm, F2=5.894702ppm, MI=1.17cm, MAXI=4.18cm, PC=1.000
      </PeakPickDetails>
    </PeakList1DHeader>
  </PeakList1D>
  <PeakList1D>
    <PeakList1DHeader creator="scr023" date="2023-05-22T14:40:44" expNo="1" name="NMR KRS_039" owner="" procNo="1" source="C:/Users/scr023/OneDrive - CSIRO/Desktop/Data for GitHub/KRS_039">
      <PeakPickDetails>F1=5.894702ppm, F2=2.462505ppm, MI=10.44cm, MAXI=10.61cm, PC=1.000
      </PeakPickDetails>
    </PeakList1DHeader>
  </PeakList1D>
  <PeakList1D>
    <PeakList1DHeader creator="scr023" date="2023-05-22T14:40:44" expNo="1" name="NMR KRS_039" owner="" procNo="1" source="C:/Users/scr023/OneDrive - CSIRO/Desktop/Data for GitHub/KRS_039">
      <PeakPickDetails>F1=2.462505ppm, F2=1.722478ppm, MI=1.49cm, MAXI=11.70cm, PC=1.000
      </PeakPickDetails>
    </PeakList1DHeader>
    <Peak1D F1="2.364317" intensity="9.372124" type="0"/>
    <Peak1D F1="2.331359" intensity="8.015883" type="0"/>
    <Peak1D F1="2.296166" intensity="3.275336" type="0"/>
  </PeakList1D>
  <PeakList1D>
    <PeakList1DHeader creator="scr023" date="2023-05-22T14:40:44" expNo="1" name="NMR KRS_039" owner="" procNo="1" source="C:/Users/scr023/OneDrive - CSIRO/Desktop/Data for GitHub/KRS_039">
      <PeakPickDetails>F1=1.722478ppm, F2=-1.926623ppm, MI=10.08cm, MAXI=10.63cm, PC=1.000
      </PeakPickDetails>
    </PeakList1DHeader>
  </PeakList1D>
  <PeakList1D>
    <PeakList1DHeader creator="scr023" date="2023-05-22T14:40:44" expNo="1" name="NMR KRS_039" owner="" procNo="1" source="C:/Users/scr023/OneDrive - CSIRO/Desktop/Data for GitHub/KRS_039">
      <PeakPickDetails>F1=-1.926623ppm, F2=-3.996752ppm, MI=0.00cm, MAXI=10000.00cm, PC=1.000
      </PeakPickDetails>
    </PeakList1DHeader>
  </PeakList1D>
</PeakList>
