<?xml version="1.0" encoding="UTF-8"?>
<PeakList modified="2023-05-22T15:23:56">
  <PeakList1D>
    <PeakList1DHeader creator="scr023" date="2023-05-22T15:23:56" expNo="1" name="NMR KRS_032" owner="" procNo="1" source="C:/Users/scr023/OneDrive - CSIRO/Desktop/Data for GitHub/KRS_032">
      <PeakPickDetails>F1=11.624290ppm, F2=10.488658ppm, MI=0.08cm, MAXI=0.72cm, PC=1.000
      </PeakPickDetails>
    </PeakList1DHeader>
    <Peak1D F1="11.304927" intensity="0.4140272" type="0"/>
  </PeakList1D>
  <PeakList1D>
    <PeakList1DHeader creator="scr023" date="2023-05-22T15:23:56" expNo="1" name="NMR KRS_032" owner="" procNo="1" source="C:/Users/scr023/OneDrive - CSIRO/Desktop/Data for GitHub/KRS_032">
      <PeakPickDetails>F1=8.766068ppm, F2=5.895085ppm, MI=0.05cm, MAXI=1.34cm, PC=1.000
      </PeakPickDetails>
    </PeakList1DHeader>
    <Peak1D F1="8.166678" intensity="0.3634757" type="0"/>
    <Peak1D F1="8.156266" intensity="0.3653502" type="0"/>
    <Peak1D F1="7.912508" intensity="0.4313714" type="0"/>
    <Peak1D F1="7.910031" intensity="0.5304998" type="0"/>
    <Peak1D F1="7.895827" intensity="0.5495163" type="0"/>
    <Peak1D F1="7.894267" intensity="0.4718657" type="0"/>
    <Peak1D F1="7.426239" intensity="0.3189664" type="0"/>
    <Peak1D F1="7.42314" intensity="0.1323486" type="0"/>
    <Peak1D F1="7.411207" intensity="0.6028094" type="0"/>
    <Peak1D F1="7.395452" intensity="0.3942699" type="0"/>
    <Peak1D F1="7.384107" intensity="0.8658667" type="0"/>
    <Peak1D F1="7.309958" intensity="0.1229183" type="0"/>
    <Peak1D F1="7.307815" intensity="0.2008075" type="0"/>
    <Peak1D F1="7.293143" intensity="0.3013957" type="0"/>
    <Peak1D F1="7.280705" intensity="0.07887994" type="0"/>
    <Peak1D F1="7.278458" intensity="0.1236965" type="0"/>
    <Peak1D F1="7.276217" intensity="0.0715145" type="0"/>
    <Peak1D F1="6.895877" intensity="0.470726" type="0"/>
    <Peak1D F1="6.775083" intensity="0.2588571" type="0"/>
    <Peak1D F1="6.773993" intensity="0.2595789" type="0"/>
    <Peak1D F1="6.764723" intensity="0.2521585" type="0"/>
    <Peak1D F1="6.763639" intensity="0.249072" type="0"/>
  </PeakList1D>
  <PeakList1D>
    <PeakList1DHeader creator="scr023" date="2023-05-22T15:23:56" expNo="1" name="NMR KRS_032" owner="" procNo="1" source="C:/Users/scr023/OneDrive - CSIRO/Desktop/Data for GitHub/KRS_032">
      <PeakPickDetails>F1=2.513705ppm, F2=1.709830ppm, MI=1.23cm, MAXI=2.42cm, PC=1.000
      </PeakPickDetails>
    </PeakList1DHeader>
    <Peak1D F1="2.27977" intensity="1.919009" type="0"/>
  </PeakList1D>
</PeakList>
