<?xml version="1.0" encoding="UTF-8"?>
<PeakList>
  <PeakList1D>
    <PeakList1DHeader creator="nmrstaff" date="2022-03-12T21:59:52.806+11:00" expNo="6" name="220311_kscr4041_5004139635" owner="" procNo="1" source="D:/NMRDATA/CHEM_MOTION/CHEM_MOTION">
      <PeakPickDetails>F1=50.912731ppm, F2=-250.911591ppm, MI=0.00cm, MAXI=10000.00cm, PC=1.000
      </PeakPickDetails>
    </PeakList1DHeader>
    <Peak1D F1="-77.803200" intensity="8.714272e-003" type="0"/>
    <Peak1D F1="-88.552437" intensity="8.639716e-003" type="0"/>
    <Peak1D F1="-96.492416" intensity="9.043047e-003" type="0"/>
    <Peak1D F1="-100.199532" intensity="8.498815e-003" type="0"/>
    <Peak1D F1="-105.011932" intensity="9.241708e-003" type="0"/>
    <Peak1D F1="-107.698181" intensity="8.718784e-003" type="0"/>
    <Peak1D F1="-110.289948" intensity="8.693217e-003" type="0"/>
    <Peak1D F1="-113.920837" intensity="1.068798e-002" type="0"/>
    <Peak1D F1="-114.009102" intensity="1.074356e-002" type="0"/>
    <Peak1D F1="-114.181679" intensity="1.059549e-002" type="0"/>
    <Peak1D F1="-114.380814" intensity="1.056974e-002" type="0"/>
    <Peak1D F1="-114.508705" intensity="1.036479e-002" type="0"/>
    <Peak1D F1="-114.549652" intensity="9.757333e-003" type="0"/>
    <Peak1D F1="-114.576584" intensity="9.533883e-003" type="0"/>
    <Peak1D F1="-114.734604" intensity="1.376066e-002" type="0"/>
    <Peak1D F1="-115.474884" intensity="2.909153e-002" type="0"/>
    <Peak1D F1="-115.595505" intensity="1.176553e-001" type="0"/>
    <Peak1D F1="-115.626663" intensity="5.133487e-002" type="0"/>
    <Peak1D F1="-115.678024" intensity="3.856543e-002" type="0"/>
    <Peak1D F1="-115.697044" intensity="5.593142e-002" type="0"/>
    <Peak1D F1="-115.757690" intensity="7.866377e-002" type="0"/>
    <Peak1D F1="-115.843857" intensity="1.500000e+001" type="0"/>
    <Peak1D F1="-115.881332" intensity="1.052494e-001" type="0"/>
    <Peak1D F1="-115.899521" intensity="9.889936e-002" type="0"/>
    <Peak1D F1="-115.996468" intensity="1.296983e-002" type="0"/>
    <Peak1D F1="-116.258949" intensity="1.109874e-001" type="0"/>
    <Peak1D F1="-122.296326" intensity="8.620701e-003" type="0"/>
    <Peak1D F1="-171.943619" intensity="9.121594e-003" type="0"/>
    <Peak1D F1="-175.839737" intensity="9.751724e-003" type="0"/>
    <Peak1D F1="-186.704178" intensity="8.702639e-003" type="0"/>
    <Peak1D F1="-187.896500" intensity="8.592305e-003" type="0"/>
    <Peak1D F1="-188.772095" intensity="8.702469e-003" type="0"/>
    <Peak1D F1="-189.031967" intensity="9.185818e-003" type="0"/>
    <Peak1D F1="-189.545807" intensity="9.229168e-003" type="0"/>
    <Peak1D F1="-190.085358" intensity="1.041125e-002" type="0"/>
    <Peak1D F1="-190.167191" intensity="1.025508e-002" type="0"/>
    <Peak1D F1="-190.548996" intensity="9.330640e-003" type="0"/>
    <Peak1D F1="-190.583054" intensity="1.147677e-002" type="0"/>
    <Peak1D F1="-190.609665" intensity="1.119179e-002" type="0"/>
    <Peak1D F1="-190.766159" intensity="9.275064e-003" type="0"/>
    <Peak1D F1="-190.839432" intensity="1.088106e-002" type="0"/>
    <Peak1D F1="-191.019974" intensity="9.074179e-003" type="0"/>
    <Peak1D F1="-191.291122" intensity="8.577490e-003" type="0"/>
    <Peak1D F1="-191.439255" intensity="1.165249e-002" type="0"/>
    <Peak1D F1="-191.835709" intensity="1.104203e-002" type="0"/>
    <Peak1D F1="-192.025208" intensity="1.021918e-002" type="0"/>
    <Peak1D F1="-192.160736" intensity="1.217748e-002" type="0"/>
    <Peak1D F1="-192.210999" intensity="1.127402e-002" type="0"/>
    <Peak1D F1="-192.666367" intensity="1.118002e-002" type="0"/>
    <Peak1D F1="-192.855927" intensity="1.093748e-002" type="0"/>
    <Peak1D F1="-193.040421" intensity="1.079644e-002" type="0"/>
    <Peak1D F1="-193.475708" intensity="1.262750e-002" type="0"/>
    <Peak1D F1="-193.543518" intensity="1.247724e-002" type="0"/>
    <Peak1D F1="-193.727707" intensity="1.213929e-002" type="0"/>
    <Peak1D F1="-193.981277" intensity="1.275917e-002" type="0"/>
    <Peak1D F1="-194.123291" intensity="1.211590e-002" type="0"/>
    <Peak1D F1="-194.482773" intensity="1.265207e-002" type="0"/>
    <Peak1D F1="-194.555038" intensity="1.395369e-002" type="0"/>
    <Peak1D F1="-194.874527" intensity="1.216228e-002" type="0"/>
    <Peak1D F1="-195.040161" intensity="1.217632e-002" type="0"/>
    <Peak1D F1="-195.163879" intensity="1.285747e-002" type="0"/>
    <Peak1D F1="-195.210297" intensity="1.179944e-002" type="0"/>
    <Peak1D F1="-195.376526" intensity="1.243739e-002" type="0"/>
    <Peak1D F1="-195.699051" intensity="1.145654e-002" type="0"/>
    <Peak1D F1="-195.806488" intensity="1.420604e-002" type="0"/>
    <Peak1D F1="-195.919769" intensity="1.262238e-002" type="0"/>
    <Peak1D F1="-196.163956" intensity="1.244311e-002" type="0"/>
    <Peak1D F1="-196.387375" intensity="1.367352e-002" type="0"/>
    <Peak1D F1="-196.469208" intensity="1.328843e-002" type="0"/>
    <Peak1D F1="-196.684082" intensity="1.241652e-002" type="0"/>
    <Peak1D F1="-197.061646" intensity="1.230670e-002" type="0"/>
    <Peak1D F1="-197.278702" intensity="1.240919e-002" type="0"/>
    <Peak1D F1="-197.467102" intensity="1.354998e-002" type="0"/>
    <Peak1D F1="-197.581863" intensity="1.343706e-002" type="0"/>
    <Peak1D F1="-197.618790" intensity="1.245208e-002" type="0"/>
    <Peak1D F1="-197.830917" intensity="1.439723e-002" type="0"/>
    <Peak1D F1="-197.940109" intensity="1.284241e-002" type="0"/>
    <Peak1D F1="-198.084076" intensity="1.391630e-002" type="0"/>
    <Peak1D F1="-198.402786" intensity="1.344439e-002" type="0"/>
    <Peak1D F1="-198.651199" intensity="1.252484e-002" type="0"/>
    <Peak1D F1="-198.683517" intensity="1.183043e-002" type="0"/>
    <Peak1D F1="-198.721054" intensity="1.257569e-002" type="0"/>
    <Peak1D F1="-198.863770" intensity="1.312654e-002" type="0"/>
    <Peak1D F1="-199.217331" intensity="1.444622e-002" type="0"/>
    <Peak1D F1="-199.406067" intensity="1.434026e-002" type="0"/>
    <Peak1D F1="-199.774338" intensity="1.181897e-002" type="0"/>
    <Peak1D F1="-199.898346" intensity="1.078311e-002" type="0"/>
    <Peak1D F1="-200.104324" intensity="1.361942e-002" type="0"/>
    <Peak1D F1="-200.257050" intensity="1.228691e-002" type="0"/>
    <Peak1D F1="-200.284424" intensity="1.294104e-002" type="0"/>
    <Peak1D F1="-200.545792" intensity="1.234006e-002" type="0"/>
    <Peak1D F1="-200.736328" intensity="1.242061e-002" type="0"/>
    <Peak1D F1="-200.985550" intensity="1.266137e-002" type="0"/>
    <Peak1D F1="-201.437805" intensity="1.142229e-002" type="0"/>
    <Peak1D F1="-201.686447" intensity="1.378210e-002" type="0"/>
    <Peak1D F1="-201.962677" intensity="1.205267e-002" type="0"/>
    <Peak1D F1="-202.150681" intensity="1.241083e-002" type="0"/>
    <Peak1D F1="-202.555893" intensity="1.206914e-002" type="0"/>
    <Peak1D F1="-202.634537" intensity="1.002141e-002" type="0"/>
    <Peak1D F1="-202.814926" intensity="1.247567e-002" type="0"/>
    <Peak1D F1="-203.119415" intensity="1.254685e-002" type="0"/>
    <Peak1D F1="-203.228500" intensity="1.177148e-002" type="0"/>
    <Peak1D F1="-203.302429" intensity="1.188391e-002" type="0"/>
    <Peak1D F1="-203.465057" intensity="1.099974e-002" type="0"/>
    <Peak1D F1="-203.593445" intensity="1.188466e-002" type="0"/>
    <Peak1D F1="-203.643387" intensity="1.126781e-002" type="0"/>
    <Peak1D F1="-203.910629" intensity="1.005945e-002" type="0"/>
    <Peak1D F1="-203.941605" intensity="1.071164e-002" type="0"/>
    <Peak1D F1="-204.112930" intensity="9.929320e-003" type="0"/>
    <Peak1D F1="-204.321365" intensity="1.127568e-002" type="0"/>
    <Peak1D F1="-204.481598" intensity="1.128360e-002" type="0"/>
    <Peak1D F1="-204.578812" intensity="1.019968e-002" type="0"/>
    <Peak1D F1="-204.769882" intensity="9.641995e-003" type="0"/>
    <Peak1D F1="-204.919357" intensity="1.117536e-002" type="0"/>
    <Peak1D F1="-205.061844" intensity="1.242619e-002" type="0"/>
    <Peak1D F1="-205.341446" intensity="1.008647e-002" type="0"/>
    <Peak1D F1="-205.421402" intensity="1.075810e-002" type="0"/>
    <Peak1D F1="-205.660767" intensity="1.048992e-002" type="0"/>
    <Peak1D F1="-205.850067" intensity="1.154583e-002" type="0"/>
    <Peak1D F1="-205.949448" intensity="1.029605e-002" type="0"/>
    <Peak1D F1="-206.028519" intensity="1.104675e-002" type="0"/>
    <Peak1D F1="-206.590897" intensity="9.465385e-003" type="0"/>
    <Peak1D F1="-206.987503" intensity="9.289260e-003" type="0"/>
    <Peak1D F1="-207.088623" intensity="1.016690e-002" type="0"/>
    <Peak1D F1="-207.170898" intensity="1.318413e-002" type="0"/>
    <Peak1D F1="-207.230850" intensity="9.058230e-003" type="0"/>
    <Peak1D F1="-207.335388" intensity="9.037466e-003" type="0"/>
    <Peak1D F1="-207.529373" intensity="8.883087e-003" type="0"/>
    <Peak1D F1="-207.856857" intensity="1.038564e-002" type="0"/>
    <Peak1D F1="-208.632813" intensity="9.752427e-003" type="0"/>
    <Peak1D F1="-209.371887" intensity="8.901706e-003" type="0"/>
    <Peak1D F1="-209.405746" intensity="9.170493e-003" type="0"/>
    <Peak1D F1="-209.759583" intensity="8.595015e-003" type="0"/>
    <Peak1D F1="-211.089828" intensity="8.834674e-003" type="0"/>
    <Peak1D F1="-240.381409" intensity="1.000788e-002" type="0"/>
    <Peak1D F1="-243.517120" intensity="8.913226e-003" type="0"/>
    <Peak1D F1="-244.066406" intensity="8.802553e-003" type="0"/>
    <Peak1D F1="-245.074066" intensity="8.571585e-003" type="0"/>
    <Peak1D F1="-245.382095" intensity="1.043656e-002" type="0"/>
    <Peak1D F1="-245.479477" intensity="1.007880e-002" type="0"/>
    <Peak1D F1="-246.694702" intensity="1.054005e-002" type="0"/>
    <Peak1D F1="-246.874878" intensity="9.855913e-003" type="0"/>
    <Peak1D F1="-246.954102" intensity="8.941461e-003" type="0"/>
    <Peak1D F1="-247.395493" intensity="9.065319e-003" type="0"/>
    <Peak1D F1="-247.819946" intensity="1.028375e-002" type="0"/>
    <Peak1D F1="-248.468033" intensity="9.819644e-003" type="0"/>
    <Peak1D F1="-248.865143" intensity="9.567540e-003" type="0"/>
    <Peak1D F1="-249.674728" intensity="1.139747e-002" type="0"/>
  </PeakList1D>
</PeakList>
