<?xml version="1.0" encoding="UTF-8"?>
<PeakList>
  <PeakList1D>
    <PeakList1DHeader creator="nmrstaff" date="2022-03-18T05:52:10.994+11:00" expNo="1" name="220317_kscr4041_5007833901" owner="" procNo="1" source="D:/NMRDATA/CHEM_MOTION/CHEM_MOTION">
      <PeakPickDetails>F1=15.899850ppm, F2=-4.093650ppm, MI=0.00cm, MAXI=10000.00cm, PC=1.000
      </PeakPickDetails>
    </PeakList1DHeader>
    <Peak1D F1="14.500365" intensity="8.944928e-004" type="0"/>
    <Peak1D F1="10.020839" intensity="1.999790e-003" type="0"/>
    <Peak1D F1="9.570397" intensity="1.030725e-003" type="0"/>
    <Peak1D F1="9.239805" intensity="1.073038e-003" type="0"/>
    <Peak1D F1="9.138192" intensity="9.065713e-004" type="0"/>
    <Peak1D F1="8.975586" intensity="1.078695e-003" type="0"/>
    <Peak1D F1="8.907593" intensity="9.888940e-004" type="0"/>
    <Peak1D F1="8.861414" intensity="9.499314e-004" type="0"/>
    <Peak1D F1="8.847056" intensity="1.031227e-003" type="0"/>
    <Peak1D F1="8.822920" intensity="9.402729e-004" type="0"/>
    <Peak1D F1="8.763401" intensity="1.111425e-003" type="0"/>
    <Peak1D F1="8.710197" intensity="1.199234e-003" type="0"/>
    <Peak1D F1="8.698803" intensity="1.072519e-003" type="0"/>
    <Peak1D F1="8.628418" intensity="1.162947e-003" type="0"/>
    <Peak1D F1="8.592433" intensity="1.219564e-003" type="0"/>
    <Peak1D F1="8.575283" intensity="1.263023e-003" type="0"/>
    <Peak1D F1="8.549147" intensity="1.312817e-003" type="0"/>
    <Peak1D F1="8.506865" intensity="1.367124e-003" type="0"/>
    <Peak1D F1="8.467728" intensity="1.430885e-003" type="0"/>
    <Peak1D F1="8.432563" intensity="1.711769e-003" type="0"/>
    <Peak1D F1="8.428050" intensity="1.490087e-003" type="0"/>
    <Peak1D F1="8.396618" intensity="1.749852e-003" type="0"/>
    <Peak1D F1="8.344082" intensity="1.874135e-003" type="0"/>
    <Peak1D F1="8.310972" intensity="1.845380e-003" type="0"/>
    <Peak1D F1="8.261749" intensity="2.057559e-003" type="0"/>
    <Peak1D F1="8.179894" intensity="2.252732e-003" type="0"/>
    <Peak1D F1="8.132861" intensity="2.454923e-003" type="0"/>
    <Peak1D F1="8.120300" intensity="2.692620e-003" type="0"/>
    <Peak1D F1="8.106571" intensity="2.588667e-003" type="0"/>
    <Peak1D F1="8.046800" intensity="3.288440e-003" type="0"/>
    <Peak1D F1="8.019819" intensity="4.424210e-003" type="0"/>
    <Peak1D F1="8.001722" intensity="4.296689e-003" type="0"/>
    <Peak1D F1="7.977828" intensity="4.031593e-003" type="0"/>
    <Peak1D F1="7.924670" intensity="1.206533e-002" type="0"/>
    <Peak1D F1="7.906679" intensity="1.415794e-002" type="0"/>
    <Peak1D F1="7.903271" intensity="1.232836e-002" type="0"/>
    <Peak1D F1="7.889448" intensity="5.963657e-003" type="0"/>
    <Peak1D F1="7.819518" intensity="2.109107e-002" type="0"/>
    <Peak1D F1="7.798010" intensity="2.887582e-002" type="0"/>
    <Peak1D F1="7.778141" intensity="1.821269e-002" type="0"/>
    <Peak1D F1="7.771440" intensity="1.654389e-002" type="0"/>
    <Peak1D F1="7.751412" intensity="1.858005e-002" type="0"/>
    <Peak1D F1="7.713086" intensity="1.372913e-002" type="0"/>
    <Peak1D F1="7.693304" intensity="1.975204e-002" type="0"/>
    <Peak1D F1="7.682720" intensity="1.738291e-002" type="0"/>
    <Peak1D F1="7.673391" intensity="2.847238e-002" type="0"/>
    <Peak1D F1="7.668814" intensity="2.240052e-002" type="0"/>
    <Peak1D F1="7.655985" intensity="2.751675e-002" type="0"/>
    <Peak1D F1="7.606611" intensity="1.222698e+000" type="0"/>
    <Peak1D F1="7.602718" intensity="1.346751e+000" type="0"/>
    <Peak1D F1="7.591241" intensity="4.759316e-001" type="0"/>
    <Peak1D F1="7.584958" intensity="1.519286e+000" type="0"/>
    <Peak1D F1="7.583813" intensity="1.529580e+000" type="0"/>
    <Peak1D F1="7.552762" intensity="2.503301e-002" type="0"/>
    <Peak1D F1="7.534188" intensity="2.314936e-002" type="0"/>
    <Peak1D F1="7.522001" intensity="1.124486e-002" type="0"/>
    <Peak1D F1="7.496499" intensity="1.285520e-002" type="0"/>
    <Peak1D F1="7.479013" intensity="1.763093e-002" type="0"/>
    <Peak1D F1="7.471672" intensity="1.449764e-002" type="0"/>
    <Peak1D F1="7.459332" intensity="1.665581e-002" type="0"/>
    <Peak1D F1="7.451497" intensity="1.794813e-002" type="0"/>
    <Peak1D F1="7.445526" intensity="2.519633e-002" type="0"/>
    <Peak1D F1="7.438401" intensity="2.200845e-002" type="0"/>
    <Peak1D F1="7.423566" intensity="3.238169e-002" type="0"/>
    <Peak1D F1="7.405067" intensity="4.717489e-002" type="0"/>
    <Peak1D F1="7.399310" intensity="9.104981e-002" type="0"/>
    <Peak1D F1="7.396370" intensity="9.260265e-002" type="0"/>
    <Peak1D F1="7.380085" intensity="2.125447e-001" type="0"/>
    <Peak1D F1="7.373621" intensity="6.259568e-001" type="0"/>
    <Peak1D F1="7.370442" intensity="6.275991e-001" type="0"/>
    <Peak1D F1="7.354684" intensity="1.357405e+000" type="0"/>
    <Peak1D F1="7.351792" intensity="1.386136e+000" type="0"/>
    <Peak1D F1="7.336005" intensity="1.025761e+000" type="0"/>
    <Peak1D F1="7.332899" intensity="9.781688e-001" type="0"/>
    <Peak1D F1="7.304265" intensity="2.659030e-002" type="0"/>
    <Peak1D F1="7.257396" intensity="2.042048e-001" type="0"/>
    <Peak1D F1="7.230180" intensity="2.338415e+000" type="0"/>
    <Peak1D F1="7.211678" intensity="2.380545e+000" type="0"/>
    <Peak1D F1="7.195110" intensity="6.956360e-001" type="0"/>
    <Peak1D F1="7.186785" intensity="1.137140e+000" type="0"/>
    <Peak1D F1="7.167722" intensity="8.750875e-003" type="0"/>
    <Peak1D F1="7.163551" intensity="8.015539e-003" type="0"/>
    <Peak1D F1="7.150588" intensity="4.096526e-003" type="0"/>
    <Peak1D F1="7.145566" intensity="6.837757e-003" type="0"/>
    <Peak1D F1="7.106861" intensity="2.458755e-003" type="0"/>
    <Peak1D F1="7.086523" intensity="3.876925e-003" type="0"/>
    <Peak1D F1="7.066781" intensity="2.195016e-003" type="0"/>
    <Peak1D F1="7.056690" intensity="1.454228e-003" type="0"/>
    <Peak1D F1="7.027220" intensity="1.201623e-002" type="0"/>
    <Peak1D F1="7.008304" intensity="1.535540e-002" type="0"/>
    <Peak1D F1="6.990047" intensity="3.163614e-003" type="0"/>
    <Peak1D F1="6.922732" intensity="5.249408e-003" type="0"/>
    <Peak1D F1="6.819970" intensity="3.917433e-003" type="0"/>
    <Peak1D F1="6.684650" intensity="1.208287e-003" type="0"/>
    <Peak1D F1="6.664758" intensity="1.927251e-003" type="0"/>
    <Peak1D F1="6.636519" intensity="4.378923e-003" type="0"/>
    <Peak1D F1="6.621615" intensity="5.372270e-003" type="0"/>
    <Peak1D F1="6.603124" intensity="6.740868e-001" type="0"/>
    <Peak1D F1="6.584478" intensity="1.501766e-003" type="0"/>
    <Peak1D F1="6.567266" intensity="1.081315e-003" type="0"/>
    <Peak1D F1="6.381465" intensity="3.899574e-003" type="0"/>
    <Peak1D F1="6.337206" intensity="1.397531e-003" type="0"/>
    <Peak1D F1="6.321183" intensity="1.387409e-003" type="0"/>
    <Peak1D F1="6.225754" intensity="9.382493e-004" type="0"/>
    <Peak1D F1="6.218240" intensity="1.111138e-003" type="0"/>
    <Peak1D F1="6.189573" intensity="1.001013e-003" type="0"/>
    <Peak1D F1="6.168128" intensity="9.618658e-004" type="0"/>
    <Peak1D F1="6.064439" intensity="9.854052e-004" type="0"/>
    <Peak1D F1="6.002908" intensity="1.032179e-003" type="0"/>
    <Peak1D F1="5.959858" intensity="1.233092e-003" type="0"/>
    <Peak1D F1="5.930810" intensity="1.260586e-003" type="0"/>
    <Peak1D F1="5.904006" intensity="1.169498e-003" type="0"/>
    <Peak1D F1="5.852220" intensity="1.050787e-003" type="0"/>
    <Peak1D F1="5.829685" intensity="1.107174e-003" type="0"/>
    <Peak1D F1="5.808221" intensity="1.036301e-003" type="0"/>
    <Peak1D F1="5.800614" intensity="1.298190e-003" type="0"/>
    <Peak1D F1="5.680517" intensity="1.380094e-003" type="0"/>
    <Peak1D F1="5.661150" intensity="1.254022e-003" type="0"/>
    <Peak1D F1="5.598170" intensity="1.509435e-003" type="0"/>
    <Peak1D F1="5.575897" intensity="1.513286e-003" type="0"/>
    <Peak1D F1="5.524540" intensity="1.674338e-003" type="0"/>
    <Peak1D F1="5.507276" intensity="1.682960e-003" type="0"/>
    <Peak1D F1="5.469989" intensity="1.537968e-003" type="0"/>
    <Peak1D F1="5.447052" intensity="1.778528e-003" type="0"/>
    <Peak1D F1="5.437338" intensity="1.657791e-003" type="0"/>
    <Peak1D F1="5.423387" intensity="1.721747e-003" type="0"/>
    <Peak1D F1="5.378694" intensity="6.588336e-003" type="0"/>
    <Peak1D F1="5.312326" intensity="2.309158e-003" type="0"/>
    <Peak1D F1="5.251479" intensity="2.662989e-003" type="0"/>
    <Peak1D F1="5.224082" intensity="2.477660e-003" type="0"/>
    <Peak1D F1="5.208257" intensity="2.845574e-003" type="0"/>
    <Peak1D F1="5.186860" intensity="2.995580e-003" type="0"/>
    <Peak1D F1="5.160744" intensity="2.342012e-003" type="0"/>
    <Peak1D F1="5.134389" intensity="2.702023e-003" type="0"/>
    <Peak1D F1="5.101784" intensity="8.553540e-003" type="0"/>
    <Peak1D F1="5.080892" intensity="3.467958e-003" type="0"/>
    <Peak1D F1="5.044292" intensity="2.721145e-003" type="0"/>
    <Peak1D F1="5.011842" intensity="2.496639e-003" type="0"/>
    <Peak1D F1="4.997483" intensity="3.439122e-003" type="0"/>
    <Peak1D F1="4.981478" intensity="3.256460e-003" type="0"/>
    <Peak1D F1="4.967354" intensity="2.806487e-003" type="0"/>
    <Peak1D F1="4.940613" intensity="2.742678e-003" type="0"/>
    <Peak1D F1="4.920541" intensity="2.973654e-003" type="0"/>
    <Peak1D F1="4.894869" intensity="2.899854e-003" type="0"/>
    <Peak1D F1="4.872422" intensity="3.428095e-003" type="0"/>
    <Peak1D F1="4.841248" intensity="5.245892e-003" type="0"/>
    <Peak1D F1="4.827116" intensity="5.388905e-003" type="0"/>
    <Peak1D F1="4.806506" intensity="3.668398e-003" type="0"/>
    <Peak1D F1="4.751334" intensity="4.173668e-003" type="0"/>
    <Peak1D F1="4.706235" intensity="4.672511e-003" type="0"/>
    <Peak1D F1="4.694658" intensity="5.358058e-003" type="0"/>
    <Peak1D F1="4.608109" intensity="7.486108e-003" type="0"/>
    <Peak1D F1="4.559152" intensity="1.211224e-001" type="0"/>
    <Peak1D F1="4.533072" intensity="9.044459e-002" type="0"/>
    <Peak1D F1="4.511964" intensity="9.469516e-003" type="0"/>
    <Peak1D F1="4.505532" intensity="1.021291e-002" type="0"/>
    <Peak1D F1="4.488581" intensity="2.771973e-002" type="0"/>
    <Peak1D F1="4.479784" intensity="2.706982e-002" type="0"/>
    <Peak1D F1="4.465759" intensity="1.361806e-002" type="0"/>
    <Peak1D F1="4.458113" intensity="1.443408e-002" type="0"/>
    <Peak1D F1="4.450014" intensity="1.544166e-002" type="0"/>
    <Peak1D F1="4.444118" intensity="1.646868e-002" type="0"/>
    <Peak1D F1="4.428379" intensity="2.014463e-002" type="0"/>
    <Peak1D F1="4.421411" intensity="2.298686e-002" type="0"/>
    <Peak1D F1="4.408537" intensity="3.120553e-002" type="0"/>
    <Peak1D F1="4.404413" intensity="2.821928e-002" type="0"/>
    <Peak1D F1="4.398922" intensity="3.336763e-002" type="0"/>
    <Peak1D F1="4.394384" intensity="4.048951e-002" type="0"/>
    <Peak1D F1="4.385304" intensity="9.381677e-002" type="0"/>
    <Peak1D F1="4.375142" intensity="7.521180e-002" type="0"/>
    <Peak1D F1="4.346626" intensity="1.500000e+001" type="0"/>
    <Peak1D F1="4.329454" intensity="2.252609e-002" type="0"/>
    <Peak1D F1="4.325034" intensity="7.775728e-003" type="0"/>
    <Peak1D F1="4.314144" intensity="2.488385e-003" type="0"/>
    <Peak1D F1="4.311201" intensity="7.887725e-003" type="0"/>
    <Peak1D F1="4.293728" intensity="3.083858e-002" type="0"/>
    <Peak1D F1="4.276628" intensity="2.005094e-002" type="0"/>
    <Peak1D F1="4.207194" intensity="9.756017e-004" type="0"/>
    <Peak1D F1="4.190082" intensity="1.016038e-003" type="0"/>
    <Peak1D F1="4.155964" intensity="8.164190e-002" type="0"/>
    <Peak1D F1="4.103355" intensity="9.723577e-004" type="0"/>
    <Peak1D F1="4.037194" intensity="1.553835e-003" type="0"/>
    <Peak1D F1="3.997353" intensity="1.464202e-003" type="0"/>
    <Peak1D F1="3.969404" intensity="1.748055e-003" type="0"/>
    <Peak1D F1="3.948491" intensity="1.887585e-003" type="0"/>
    <Peak1D F1="3.916352" intensity="2.382204e-003" type="0"/>
    <Peak1D F1="3.898279" intensity="2.419542e-003" type="0"/>
    <Peak1D F1="3.860305" intensity="2.391271e-003" type="0"/>
    <Peak1D F1="3.840283" intensity="2.449378e-003" type="0"/>
    <Peak1D F1="3.806006" intensity="3.006980e-003" type="0"/>
    <Peak1D F1="3.786197" intensity="3.280180e-003" type="0"/>
    <Peak1D F1="3.761737" intensity="2.543332e-003" type="0"/>
    <Peak1D F1="3.748459" intensity="2.304044e-003" type="0"/>
    <Peak1D F1="3.685436" intensity="2.611425e-003" type="0"/>
    <Peak1D F1="3.654984" intensity="2.902516e-003" type="0"/>
    <Peak1D F1="3.631936" intensity="2.803004e-003" type="0"/>
    <Peak1D F1="3.590544" intensity="3.517725e-003" type="0"/>
    <Peak1D F1="3.564148" intensity="3.454642e-003" type="0"/>
    <Peak1D F1="3.533713" intensity="2.880875e-003" type="0"/>
    <Peak1D F1="3.497537" intensity="3.290312e-003" type="0"/>
    <Peak1D F1="3.468815" intensity="3.182384e-003" type="0"/>
    <Peak1D F1="3.435988" intensity="3.167348e-003" type="0"/>
    <Peak1D F1="3.414541" intensity="3.257297e-003" type="0"/>
    <Peak1D F1="3.373369" intensity="3.398095e-003" type="0"/>
    <Peak1D F1="3.347518" intensity="3.650509e-003" type="0"/>
    <Peak1D F1="3.303171" intensity="3.581272e-003" type="0"/>
    <Peak1D F1="3.270264" intensity="3.701106e-003" type="0"/>
    <Peak1D F1="3.257138" intensity="4.080563e-003" type="0"/>
    <Peak1D F1="3.172158" intensity="4.149109e-003" type="0"/>
    <Peak1D F1="3.123026" intensity="4.174005e-003" type="0"/>
    <Peak1D F1="3.110210" intensity="4.549030e-003" type="0"/>
    <Peak1D F1="3.059519" intensity="7.256948e-003" type="0"/>
    <Peak1D F1="3.007037" intensity="5.365303e-003" type="0"/>
    <Peak1D F1="2.923952" intensity="6.412904e-003" type="0"/>
    <Peak1D F1="2.875383" intensity="6.744156e-003" type="0"/>
    <Peak1D F1="2.847760" intensity="7.737985e-003" type="0"/>
    <Peak1D F1="2.838059" intensity="7.726007e-003" type="0"/>
    <Peak1D F1="2.795899" intensity="8.767487e-003" type="0"/>
    <Peak1D F1="2.775202" intensity="9.688318e-003" type="0"/>
    <Peak1D F1="2.687864" intensity="7.111573e-001" type="0"/>
    <Peak1D F1="2.668880" intensity="1.659975e-002" type="0"/>
    <Peak1D F1="2.612148" intensity="8.913139e-002" type="0"/>
    <Peak1D F1="2.597012" intensity="2.698587e-002" type="0"/>
    <Peak1D F1="2.554348" intensity="3.186330e-002" type="0"/>
    <Peak1D F1="2.516194" intensity="5.323957e-002" type="0"/>
    <Peak1D F1="2.501085" intensity="6.954468e-002" type="0"/>
    <Peak1D F1="2.492391" intensity="8.170146e-002" type="0"/>
    <Peak1D F1="2.453695" intensity="1.325503e+001" type="0"/>
    <Peak1D F1="2.438576" intensity="1.306720e+000" type="0"/>
    <Peak1D F1="2.422476" intensity="1.492584e-002" type="0"/>
    <Peak1D F1="2.409762" intensity="3.044942e-002" type="0"/>
    <Peak1D F1="2.379336" intensity="2.427296e-002" type="0"/>
    <Peak1D F1="2.354449" intensity="1.326800e-002" type="0"/>
    <Peak1D F1="2.291708" intensity="7.195369e-002" type="0"/>
    <Peak1D F1="2.276543" intensity="7.043908e-003" type="0"/>
    <Peak1D F1="2.271764" intensity="5.750354e-003" type="0"/>
    <Peak1D F1="2.252467" intensity="3.108304e-003" type="0"/>
    <Peak1D F1="2.132899" intensity="1.141203e-002" type="0"/>
    <Peak1D F1="2.103080" intensity="3.967511e-003" type="0"/>
    <Peak1D F1="2.096229" intensity="4.225131e-003" type="0"/>
    <Peak1D F1="2.092957" intensity="5.015005e-003" type="0"/>
    <Peak1D F1="2.079621" intensity="2.105810e-003" type="0"/>
    <Peak1D F1="2.056153" intensity="3.431467e-003" type="0"/>
    <Peak1D F1="2.015524" intensity="6.500333e-003" type="0"/>
    <Peak1D F1="1.991926" intensity="3.282200e-003" type="0"/>
    <Peak1D F1="1.977376" intensity="3.322400e-003" type="0"/>
    <Peak1D F1="1.960789" intensity="3.739314e-003" type="0"/>
    <Peak1D F1="1.942805" intensity="3.040080e-003" type="0"/>
    <Peak1D F1="1.851952" intensity="3.808710e-003" type="0"/>
    <Peak1D F1="1.838154" intensity="4.588357e-003" type="0"/>
    <Peak1D F1="1.805101" intensity="4.220434e-003" type="0"/>
    <Peak1D F1="1.771750" intensity="4.949881e-003" type="0"/>
    <Peak1D F1="1.736008" intensity="6.373666e-003" type="0"/>
    <Peak1D F1="1.534176" intensity="3.587362e-001" type="0"/>
    <Peak1D F1="1.354725" intensity="9.631300e-003" type="0"/>
    <Peak1D F1="1.336391" intensity="9.545471e-003" type="0"/>
    <Peak1D F1="1.313812" intensity="1.052135e-002" type="0"/>
    <Peak1D F1="1.260934" intensity="2.232368e-002" type="0"/>
    <Peak1D F1="1.226632" intensity="3.583714e-002" type="0"/>
    <Peak1D F1="1.210178" intensity="5.117964e-002" type="0"/>
    <Peak1D F1="1.182038" intensity="3.749460e-001" type="0"/>
    <Peak1D F1="1.088716" intensity="7.225675e-003" type="0"/>
    <Peak1D F1="1.036095" intensity="6.848869e-003" type="0"/>
    <Peak1D F1="1.022739" intensity="6.923027e-003" type="0"/>
    <Peak1D F1="0.974144" intensity="4.694934e-003" type="0"/>
    <Peak1D F1="0.935487" intensity="4.467134e-003" type="0"/>
    <Peak1D F1="0.922461" intensity="4.174196e-003" type="0"/>
    <Peak1D F1="0.887301" intensity="4.807679e-003" type="0"/>
    <Peak1D F1="0.847709" intensity="8.923970e-003" type="0"/>
    <Peak1D F1="0.822107" intensity="2.493104e-002" type="0"/>
    <Peak1D F1="0.815653" intensity="2.574696e-002" type="0"/>
    <Peak1D F1="0.806616" intensity="4.157312e-002" type="0"/>
    <Peak1D F1="0.796885" intensity="2.455898e-002" type="0"/>
    <Peak1D F1="0.789045" intensity="3.468092e-002" type="0"/>
    <Peak1D F1="0.779610" intensity="2.673798e-002" type="0"/>
    <Peak1D F1="0.772874" intensity="3.070777e-002" type="0"/>
    <Peak1D F1="0.757361" intensity="2.180356e-002" type="0"/>
    <Peak1D F1="0.739882" intensity="1.212073e-002" type="0"/>
    <Peak1D F1="0.678586" intensity="1.716396e-003" type="0"/>
    <Peak1D F1="0.659599" intensity="1.918994e-003" type="0"/>
    <Peak1D F1="0.641508" intensity="1.712192e-003" type="0"/>
    <Peak1D F1="0.622909" intensity="1.016904e-003" type="0"/>
    <Peak1D F1="0.145358" intensity="9.286915e-004" type="0"/>
    <Peak1D F1="0.008482" intensity="1.337450e-002" type="0"/>
    <Peak1D F1="-0.000300" intensity="2.161089e-001" type="0"/>
    <Peak1D F1="-0.009416" intensity="7.170408e-003" type="0"/>
    <Peak1D F1="-0.025685" intensity="1.566550e-003" type="0"/>
    <Peak1D F1="-1.474484" intensity="1.018722e-003" type="0"/>
    <Peak1D F1="-1.765498" intensity="8.928933e-004" type="0"/>
    <Peak1D F1="-2.379827" intensity="1.276399e-003" type="0"/>
  </PeakList1D>
</PeakList>
