<?xml version="1.0" encoding="UTF-8"?>
<PeakList>
  <PeakList1D>
    <PeakList1DHeader creator="scr023" date="2023-05-22T14:42:24.207+10:00" expNo="5" name="NMR KRS_039" owner="" procNo="1" source="C:/Users/scr023/OneDrive - CSIRO/Desktop/Data for GitHub/KRS_039">
      <PeakPickDetails>F1=225.493607ppm, F2=51.895241ppm, MI=0.00cm, MAXI=10000.00cm, PC=1.400
      </PeakPickDetails>
    </PeakList1DHeader>
    <Peak1D F1="159.827225" intensity="3.149863e-01" type="0"/>
    <Peak1D F1="158.308121" intensity="2.002556e-01" type="0"/>
    <Peak1D F1="151.251877" intensity="2.346545e-01" type="0"/>
    <Peak1D F1="151.154175" intensity="1.973594e-01" type="0"/>
    <Peak1D F1="150.253403" intensity="7.122838e-02" type="0"/>
    <Peak1D F1="149.128799" intensity="1.929971e-01" type="0"/>
    <Peak1D F1="148.765793" intensity="1.960415e-01" type="0"/>
    <Peak1D F1="145.740051" intensity="2.483107e-01" type="0"/>
    <Peak1D F1="145.525406" intensity="1.615242e-01" type="0"/>
    <Peak1D F1="144.465424" intensity="1.221819e-01" type="0"/>
    <Peak1D F1="137.710022" intensity="6.110615e-01" type="0"/>
    <Peak1D F1="137.430145" intensity="2.423055e-01" type="0"/>
    <Peak1D F1="134.323135" intensity="2.949216e-01" type="0"/>
    <Peak1D F1="133.679886" intensity="1.877111e-01" type="0"/>
    <Peak1D F1="128.708389" intensity="2.624706e-01" type="0"/>
    <Peak1D F1="128.560898" intensity="9.047325e-01" type="0"/>
    <Peak1D F1="128.291214" intensity="5.983661e-01" type="0"/>
    <Peak1D F1="128.197906" intensity="3.538226e-01" type="0"/>
    <Peak1D F1="126.388031" intensity="8.033816e-01" type="0"/>
    <Peak1D F1="124.953209" intensity="3.533542e-01" type="0"/>
    <Peak1D F1="122.916031" intensity="7.238274e-01" type="0"/>
    <Peak1D F1="117.935493" intensity="2.587140e-01" type="0"/>
    <Peak1D F1="117.775970" intensity="5.939946e-01" type="0"/>
    <Peak1D F1="111.202965" intensity="4.676364e-01" type="0"/>
    <Peak1D F1="110.600670" intensity="3.024316e-01" type="0"/>
    <Peak1D F1="106.111877" intensity="5.024288e-01" type="0"/>
    <Peak1D F1="94.190063" intensity="1.238749e-01" type="0"/>
  </PeakList1D>
  <PeakList1D>
    <PeakList1DHeader creator="scr023" date="2023-05-22T14:42:24.207+10:00" expNo="5" name="NMR KRS_039" owner="" procNo="1" source="C:/Users/scr023/OneDrive - CSIRO/Desktop/Data for GitHub/KRS_039">
      <PeakPickDetails>F1=51.895241ppm, F2=43.726547ppm, MI=25.91cm, MAXI=36.22cm, PC=1.400
      </PeakPickDetails>
    </PeakList1DHeader>
  </PeakList1D>
  <PeakList1D>
    <PeakList1DHeader creator="scr023" date="2023-05-22T14:42:24.207+10:00" expNo="5" name="NMR KRS_039" owner="" procNo="1" source="C:/Users/scr023/OneDrive - CSIRO/Desktop/Data for GitHub/KRS_039">
      <PeakPickDetails>F1=43.726547ppm, F2=36.358704ppm, MI=13.96cm, MAXI=21.99cm, PC=1.400
      </PeakPickDetails>
    </PeakList1DHeader>
    <Peak1D F1="39.518021" intensity="1.500000e+01" type="0"/>
  </PeakList1D>
  <PeakList1D>
    <PeakList1DHeader creator="scr023" date="2023-05-22T14:42:24.207+10:00" expNo="5" name="NMR KRS_039" owner="" procNo="1" source="C:/Users/scr023/OneDrive - CSIRO/Desktop/Data for GitHub/KRS_039">
      <PeakPickDetails>F1=36.358704ppm, F2=31.073076ppm, MI=25.91cm, MAXI=36.22cm, PC=1.400
      </PeakPickDetails>
    </PeakList1DHeader>
  </PeakList1D>
  <PeakList1D>
    <PeakList1DHeader creator="scr023" date="2023-05-22T14:42:24.207+10:00" expNo="5" name="NMR KRS_039" owner="" procNo="1" source="C:/Users/scr023/OneDrive - CSIRO/Desktop/Data for GitHub/KRS_039">
      <PeakPickDetails>F1=31.073076ppm, F2=-25.493673ppm, MI=0.00cm, MAXI=10000.00cm, PC=1.400
      </PeakPickDetails>
    </PeakList1DHeader>
    <Peak1D F1="21.136219" intensity="9.323888e-01" type="0"/>
    <Peak1D F1="20.914902" intensity="7.640544e-01" type="0"/>
    <Peak1D F1="20.745075" intensity="3.556622e-01" type="0"/>
  </PeakList1D>
</PeakList>
