<?xml version="1.0" encoding="UTF-8"?>
<PeakList modified="2023-05-19T15:50:55">
  <PeakList1D>
    <PeakList1DHeader creator="scr023" date="2023-05-19T15:50:55" expNo="1" name="220311_kscr4041_5004139635" owner="" procNo="1" source="C:/Users/scr023/OneDrive - CSIRO/Desktop/Data for GitHub/KRS_015">
      <PeakPickDetails>F1=8.523685ppm, F2=8.325176ppm, MI=0.33cm, MAXI=1.07cm, PC=1.000
      </PeakPickDetails>
    </PeakList1DHeader>
    <Peak1D F1="8.490874" intensity="0.7156328" type="0"/>
    <Peak1D F1="8.390984" intensity="0.4547475" type="0"/>
    <Peak1D F1="8.38846" intensity="0.4793048" type="0"/>
    <Peak1D F1="8.379356" intensity="0.4987909" type="0"/>
    <Peak1D F1="8.376683" intensity="0.490605" type="0"/>
  </PeakList1D>
  <PeakList1D>
    <PeakList1DHeader creator="scr023" date="2023-05-19T15:50:55" expNo="1" name="220311_kscr4041_5004139635" owner="" procNo="1" source="C:/Users/scr023/OneDrive - CSIRO/Desktop/Data for GitHub/KRS_015">
      <PeakPickDetails>F1=7.863342ppm, F2=7.604066ppm, MI=0.12cm, MAXI=1.54cm, PC=1.000
      </PeakPickDetails>
    </PeakList1DHeader>
    <Peak1D F1="7.695112" intensity="0.3962569" type="0"/>
    <Peak1D F1="7.675337" intensity="0.4410782" type="0"/>
  </PeakList1D>
  <PeakList1D>
    <PeakList1DHeader creator="scr023" date="2023-05-19T15:50:55" expNo="1" name="220311_kscr4041_5004139635" owner="" procNo="1" source="C:/Users/scr023/OneDrive - CSIRO/Desktop/Data for GitHub/KRS_015">
      <PeakPickDetails>F1=7.531145ppm, F2=7.454173ppm, MI=0.22cm, MAXI=1.33cm, PC=1.000
      </PeakPickDetails>
    </PeakList1DHeader>
    <Peak1D F1="7.518938" intensity="0.3742742" type="0"/>
    <Peak1D F1="7.498601" intensity="0.7578356" type="0"/>
    <Peak1D F1="7.478295" intensity="0.4292946" type="0"/>
  </PeakList1D>
  <PeakList1D>
    <PeakList1DHeader creator="scr023" date="2023-05-19T15:50:55" expNo="1" name="220311_kscr4041_5004139635" owner="" procNo="1" source="C:/Users/scr023/OneDrive - CSIRO/Desktop/Data for GitHub/KRS_015">
      <PeakPickDetails>F1=7.304279ppm, F2=7.255665ppm, MI=0.20cm, MAXI=0.51cm, PC=1.000
      </PeakPickDetails>
    </PeakList1DHeader>
    <Peak1D F1="7.259746" intensity="0.3558095" type="0"/>
  </PeakList1D>
  <PeakList1D>
    <PeakList1DHeader creator="scr023" date="2023-05-19T15:50:55" expNo="1" name="220311_kscr4041_5004139635" owner="" procNo="1" source="C:/Users/scr023/OneDrive - CSIRO/Desktop/Data for GitHub/KRS_015">
      <PeakPickDetails>F1=7.255665ppm, F2=7.196923ppm, MI=0.20cm, MAXI=1.10cm, PC=1.000
      </PeakPickDetails>
    </PeakList1DHeader>
    <Peak1D F1="7.255186" intensity="0.4265426" type="0"/>
    <Peak1D F1="7.2429" intensity="0.4209747" type="0"/>
    <Peak1D F1="7.235346" intensity="0.4014527" type="0"/>
    <Peak1D F1="7.223195" intensity="0.3725316" type="0"/>
  </PeakList1D>
  <PeakList1D>
    <PeakList1DHeader creator="scr023" date="2023-05-19T15:50:55" expNo="1" name="220311_kscr4041_5004139635" owner="" procNo="1" source="C:/Users/scr023/OneDrive - CSIRO/Desktop/Data for GitHub/KRS_015">
      <PeakPickDetails>F1=7.190846ppm, F2=7.109822ppm, MI=0.22cm, MAXI=0.86cm, PC=1.000
      </PeakPickDetails>
    </PeakList1DHeader>
    <Peak1D F1="7.174445" intensity="0.4275031" type="0"/>
    <Peak1D F1="7.170759" intensity="0.4587161" type="0"/>
    <Peak1D F1="7.153635" intensity="0.3854103" type="0"/>
    <Peak1D F1="7.149854" intensity="0.4140656" type="0"/>
  </PeakList1D>
  <PeakList1D>
    <PeakList1DHeader creator="scr023" date="2023-05-19T15:50:55" expNo="1" name="220311_kscr4041_5004139635" owner="" procNo="1" source="C:/Users/scr023/OneDrive - CSIRO/Desktop/Data for GitHub/KRS_015">
      <PeakPickDetails>F1=7.073361ppm, F2=6.994364ppm, MI=0.20cm, MAXI=0.82cm, PC=1.000
      </PeakPickDetails>
    </PeakList1DHeader>
    <Peak1D F1="7.059766" intensity="0.4691684" type="0"/>
    <Peak1D F1="7.055005" intensity="0.4484253" type="0"/>
    <Peak1D F1="7.03481" intensity="0.4698329" type="0"/>
    <Peak1D F1="7.030037" intensity="0.4500194" type="0"/>
  </PeakList1D>
  <PeakList1D>
    <PeakList1DHeader creator="scr023" date="2023-05-19T15:50:55" expNo="1" name="220311_kscr4041_5004139635" owner="" procNo="1" source="C:/Users/scr023/OneDrive - CSIRO/Desktop/Data for GitHub/KRS_015">
      <PeakPickDetails>F1=6.129436ppm, F2=6.036259ppm, MI=0.41cm, MAXI=1.98cm, PC=1.000
      </PeakPickDetails>
    </PeakList1DHeader>
    <Peak1D F1="6.089368" intensity="1.221248" type="0"/>
  </PeakList1D>
</PeakList>
