<?xml version="1.0" encoding="UTF-8"?>
<PeakList modified="2023-05-22T13:33:21">
  <PeakList1D>
    <PeakList1DHeader creator="scr023" date="2023-05-22T13:33:21" expNo="1" name="NMR Raw (210625_kscr4041_50040436811)" owner="" procNo="1" source="C:/Users/scr023/OneDrive - CSIRO/Desktop/Data for GitHub/KRS_021/NMR Raw (210625_kscr4041_50040436811)">
      <PeakPickDetails>F1=11.813246ppm, F2=5.388498ppm, MI=0.66cm, MAXI=5.57cm, PC=1.000
      </PeakPickDetails>
    </PeakList1DHeader>
    <Peak1D F1="11.364549" intensity="3.410118" type="0"/>
    <Peak1D F1="8.598341" intensity="1.59842" type="0"/>
    <Peak1D F1="8.596757" intensity="1.643911" type="0"/>
    <Peak1D F1="8.59507" intensity="1.457342" type="0"/>
    <Peak1D F1="8.590405" intensity="1.463108" type="0"/>
    <Peak1D F1="8.588838" intensity="1.662273" type="0"/>
    <Peak1D F1="8.587436" intensity="1.564679" type="0"/>
    <Peak1D F1="8.585929" intensity="1.355284" type="0"/>
    <Peak1D F1="8.182434" intensity="2.768064" type="0"/>
    <Peak1D F1="8.172029" intensity="2.823647" type="0"/>
    <Peak1D F1="7.978231" intensity="1.95043" type="0"/>
    <Peak1D F1="7.962521" intensity="2.74534" type="0"/>
    <Peak1D F1="7.888335" intensity="1.356769" type="0"/>
    <Peak1D F1="7.884781" intensity="1.354488" type="0"/>
    <Peak1D F1="7.873084" intensity="2.127912" type="0"/>
    <Peak1D F1="7.869543" intensity="2.091274" type="0"/>
    <Peak1D F1="7.857657" intensity="1.123868" type="0"/>
    <Peak1D F1="7.854058" intensity="1.089097" type="0"/>
    <Peak1D F1="7.635003" intensity="4.026278" type="0"/>
    <Peak1D F1="7.317106" intensity="1.352143" type="0"/>
    <Peak1D F1="7.31488" intensity="1.390723" type="0"/>
    <Peak1D F1="7.307666" intensity="1.365008" type="0"/>
    <Peak1D F1="7.305402" intensity="1.496469" type="0"/>
    <Peak1D F1="7.302326" intensity="1.460047" type="0"/>
    <Peak1D F1="7.300056" intensity="1.325423" type="0"/>
    <Peak1D F1="7.292717" intensity="1.31103" type="0"/>
    <Peak1D F1="7.290466" intensity="1.264683" type="0"/>
    <Peak1D F1="6.91187" intensity="3.685465" type="0"/>
    <Peak1D F1="6.79145" intensity="2.034507" type="0"/>
    <Peak1D F1="6.781082" intensity="2.006161" type="0"/>
  </PeakList1D>
  <PeakList1D>
    <PeakList1DHeader creator="scr023" date="2023-05-22T13:33:21" expNo="1" name="NMR Raw (210625_kscr4041_50040436811)" owner="" procNo="1" source="C:/Users/scr023/OneDrive - CSIRO/Desktop/Data for GitHub/KRS_021/NMR Raw (210625_kscr4041_50040436811)">
      <PeakPickDetails>F1=3.994272ppm, F2=2.512602ppm, MI=11.34cm, MAXI=18.19cm, PC=1.000
      </PeakPickDetails>
    </PeakList1DHeader>
    <Peak1D F1="3.343524" intensity="11.63995" type="0"/>
  </PeakList1D>
  <PeakList1D>
    <PeakList1DHeader creator="scr023" date="2023-05-22T13:33:21" expNo="1" name="NMR Raw (210625_kscr4041_50040436811)" owner="" procNo="1" source="C:/Users/scr023/OneDrive - CSIRO/Desktop/Data for GitHub/KRS_021/NMR Raw (210625_kscr4041_50040436811)">
      <PeakPickDetails>F1=2.512602ppm, F2=2.500608ppm, MI=0.58cm, MAXI=0.66cm, PC=1.000
      </PeakPickDetails>
    </PeakList1DHeader>
    <Peak1D F1="2.507624" intensity="0.6473477" type="0"/>
  </PeakList1D>
  <PeakList1D>
    <PeakList1DHeader creator="scr023" date="2023-05-22T13:33:21" expNo="1" name="NMR Raw (210625_kscr4041_50040436811)" owner="" procNo="1" source="C:/Users/scr023/OneDrive - CSIRO/Desktop/Data for GitHub/KRS_021/NMR Raw (210625_kscr4041_50040436811)">
      <PeakPickDetails>F1=2.500608ppm, F2=1.526113ppm, MI=11.34cm, MAXI=18.19cm, PC=1.000
      </PeakPickDetails>
    </PeakList1DHeader>
    <Peak1D F1="2.292933" intensity="15.0" type="0"/>
  </PeakList1D>
</PeakList>
